k_t,M_1_t,M_2_t,M_3_t,tau_1_t,tau_2_t,t,x_t,E_t,V_t,lambda_k_t,lambda_m_1,lambda_m_2,lambda_m_3,lambda_tau_1,lambda_tau_2,lambda_t_BAU,lambda_E_t
5.4071717,862.86,1541.11,10010.44,1.2567272,1.1854651,0.0,0.63567454,11.094178,45.814472,0.2617604,0.046702832,0.0076638293,-0.0009859217,-0.051465426,-0.054447155,0.3217601,-0.019449234
6.389754,899.8245,1557.4984,10010.915,1.2932352,1.1862742,1.0,0.695481,11.570208,47.88753,0.29681957,0.02602007,0.010759268,-0.002654029,-0.050122477,-0.047005147,0.31491515,-0.016773276
6.622734,953.91296,1576.4707,10011.43,1.3307688,1.1874886,2.0,0.7124525,11.7188425,48.542763,0.29722494,0.020229202,0.01128008,-0.003636863,-0.050882883,-0.04469069,0.30969462,-0.014578176
6.745269,1011.3535,1599.4285,10011.992,1.37609,1.1891153,3.0,0.7234033,11.823461,49.007168,0.29052588,0.017996764,0.0108647775,-0.0053440165,-0.052254077,-0.04393381,0.30555388,-0.011513999
6.8462977,1069.4753,1626.5038,10012.612,1.4275718,1.1912382,4.0,0.7335496,11.921487,49.44801,0.28072315,0.01588784,0.010973748,-0.006426638,-0.0532243,-0.044371575,0.3020377,-0.009006755
6.9361715,1127.6199,1657.5885,10013.3,1.4831338,1.1939214,5.0,0.744029,12.018923,49.888725,0.27245554,0.013733493,0.011453014,-0.0061024437,-0.054127425,-0.044541135,0.29775646,-0.006783965
7.0144386,1185.3606,1692.5211,10014.064,1.541255,1.1972052,6.0,0.7544341,12.113942,50.318924,0.263484,0.011508422,0.011444593,-0.00502865,-0.0549647,-0.044973906,0.2928403,-0.004780242
7.082905,1242.2393,1731.1089,10014.916,1.6008444,1.2011116,7.0,0.764284,12.206624,50.73835,0.25343946,0.009283637,0.011241304,-0.0039479616,-0.05565782,-0.04547091,0.28771955,-0.0035542203
7.1445365,1297.8469,1773.1267,10015.864,1.6610558,1.2056501,8.0,0.7735636,12.297476,51.14833,0.24384126,0.007596066,0.010886909,-0.0032479386,-0.055837695,-0.045887664,0.2824739,-0.002744107
7.200862,1351.8718,1818.3229,10016.917,1.721209,1.2108207,9.0,0.78276265,12.388396,51.557915,0.23447616,0.005870928,0.011485386,-0.0028849407,-0.0551698,-0.045388117,0.27632833,-0.0022927371
7.250627,1404.0635,1866.4282,10018.082,1.7807639,1.2166156,10.0,0.79163444,12.477595,51.9576,0.22476053,0.004299993,0.0122062005,-0.0026362347,-0.054129668,-0.044730388,0.26988077,-0.0018836886
7.2948694,1454.1517,1917.1627,10019.367,1.8392882,1.2230209,11.0,0.8001437,12.56498,52.347427,0.21463625,0.0028145658,0.012795212,-0.0022408166,-0.052944947,-0.043968566,0.26318994,-0.0016468538
7.3344107,1501.9237,1970.234,10020.778,1.8964068,1.230018,12.0,0.8082795,12.650161,52.727467,0.2041845,0.0013110151,0.013402995,-0.0020083766,-0.05183578,-0.04337556,0.2563811,-0.0014885119
7.3698826,1547.2175,2025.3428,10022.322,1.9518015,1.2375842,13.0,0.8161105,12.733923,53.100433,0.19372228,-0.00018587214,0.013452666,-0.0023785708,-0.0510591,-0.043005858,0.24912028,-0.001814333
7.4014196,1589.9158,2082.188,10024.003,2.00521,1.2456934,14.0,0.82356435,12.81521,53.46233,0.18312837,-0.0015619907,0.013253887,-0.0027883383,-0.050321754,-0.042696744,0.24171378,-0.0022657674
7.4297266,1629.9292,2140.4702,10025.825,2.05642,1.254317,15.0,0.8307226,12.8942175,53.813766,0.17242555,-0.0028915727,0.012943178,-0.0032005226,-0.049798626,-0.042441744,0.23428771,-0.0025683385
7.4548254,1667.2128,2199.8948,10027.793,2.105263,1.263424,16.0,0.83760804,12.97091,54.154255,0.16173905,-0.004204876,0.012507868,-0.0033952966,-0.049526975,-0.04216264,0.2268403,-0.0028180224
7.4768066,1701.7427,2260.1743,10029.909,2.1516135,1.2729822,17.0,0.8442859,13.045327,54.483112,0.15246712,-0.0053814794,0.012061491,-0.003626299,-0.049301773,-0.041716307,0.21937284,-0.0032523475
7.495479,1733.5175,2321.0325,10032.175,2.1953807,1.2829581,18.0,0.85088164,13.116052,54.796627,0.14739215,-0.0058200494,0.011530005,-0.00404108,-0.04895457,-0.04076712,0.21228379,-0.0034445417
7.5100813,1762.5482,2382.2026,10034.592,2.2365046,1.2933177,19.0,0.8571141,13.182727,55.094532,0.14213699,-0.0057733622,0.01093117,-0.0044108196,-0.048453305,-0.03971964,0.20569533,-0.0032673301
7.5223727,1788.8439,2443.431,10037.16,2.274948,1.3040266,20.0,0.8629988,13.24674,55.380436,0.13691548,-0.0058314526,0.0102799665,-0.004724382,-0.047965396,-0.038747024,0.19923927,-0.0030534347
7.533028,1812.4795,2504.474,10039.881,2.3106873,1.3150505,21.0,0.86859035,13.308309,55.65649,0.13153894,-0.0057131727,0.009577596,-0.004941148,-0.047420915,-0.037937466,0.19277126,-0.0027621412
7.5420866,1833.5574,2565.106,10042.753,2.3437347,1.326355,22.0,0.87389034,13.36748,55.92216,0.12623067,-0.0054470194,0.008984469,-0.0051359213,-0.04690288,-0.037309315,0.18635233,-0.0024948406
7.5497556,1852.186,2625.118,10045.776,2.3741343,1.3379062,23.0,0.87886363,13.423992,56.175926,0.12102561,-0.005201518,0.008385597,-0.0052632582,-0.04641101,-0.03673099,0.18006119,-0.0022330428
7.5565977,1868.4839,2684.32,10048.948,2.4019532,1.3496716,24.0,0.8835448,13.4781275,56.41903,0.11596241,-0.004984366,0.0077789174,-0.005317528,-0.045947716,-0.03619675,0.17390339,-0.0019813941
7.5627375,1882.5842,2742.5403,10052.268,2.427276,1.3616191,25.0,0.8879472,13.529929,56.651737,0.11105491,-0.0047965813,0.0071723056,-0.0053026844,-0.045510795,-0.035706613,0.16788882,-0.0017412249
7.5683193,1894.6223,2799.6255,10055.731,2.4502044,1.3737185,26.0,0.89208645,13.579489,56.87431,0.10631165,-0.004636728,0.0065660924,-0.0052220337,-0.04509966,-0.035257686,0.16202623,-0.0015116595
7.573462,1904.734,2855.4404,10059.337,2.470852,1.3859409,27.0,0.8959797,13.62691,57.08736,0.10172994,-0.004519674,0.005934256,-0.005037524,-0.04471273,-0.034859717,0.15630281,-0.0012942627
7.578247,1913.0544,2909.8677,10063.081,2.4893394,1.3982589,28.0,0.8996389,13.672262,57.291084,0.09731746,-0.0044381013,0.0052884687,-0.0047704745,-0.044350203,-0.034507133,0.15073371,-0.0010874637
7.582782,1919.7162,2962.8062,10066.959,2.5057912,1.410647,29.0,0.90307635,13.715605,57.485737,0.093086615,-0.004385095,0.004651122,-0.004448,-0.044011652,-0.03419244,0.14533335,-0.000890377
7.587165,1924.8489,3014.171,10070.969,2.5203347,1.4230813,30.0,0.90630585,13.757028,57.671772,0.089039356,-0.004361878,0.004023211,-0.004075169,-0.043697126,-0.033913955,0.14010601,-0.00070243864
7.591466,1928.5789,3063.8914,10075.105,2.5330963,1.4355394,31.0,0.90933985,13.796632,57.84956,0.08517654,-0.0043658423,0.003407705,-0.0036566658,-0.04340468,-0.033670176,0.13505411,-0.0005234794
7.595748,1931.0275,3111.9114,10079.365,2.544202,1.448001,32.0,0.9122069,13.834603,58.01985,0.08149753,-0.0044539087,0.0027870378,-0.0032238667,-0.043078814,-0.03351203,0.13019024,-0.0003641568
7.599875,1932.311,3158.1877,10083.743,2.5537755,1.4604473,33.0,0.91492254,13.870965,58.182693,0.07796317,-0.004645694,0.0021549894,-0.0027706116,-0.042751104,-0.033464458,0.12551938,-0.00020782498
7.6037664,1932.5376,3202.6892,10088.235,2.5619369,1.4728608,34.0,0.9174626,13.9055605,58.337543,0.07459361,-0.0048489743,0.0015447468,-0.0022906396,-0.042444114,-0.03344182,0.12103148,-5.4688542e-05
7.607824,1931.8083,3245.395,10092.838,2.5688007,1.4852262,35.0,0.91984934,13.938665,58.48568,0.07140599,-0.005071695,0.000954818,-0.0017805529,-0.042158272,-0.033442125,0.11671892,8.9872745e-05
7.6120496,1930.2245,3286.2944,10097.545,2.5744765,1.497529,36.0,0.922096,13.970377,58.627308,0.06843021,-0.0053056343,0.0003751237,-0.0012252276,-0.041899845,-0.03346192,0.11258285,0.00023129361
7.6164155,1927.8805,3325.3865,10102.353,2.5790699,1.5097567,37.0,0.9239952,14.000506,58.760933,0.0658136,-0.0052467845,-0.0002056905,-0.0008435071,-0.041594487,-0.03346877,0.10918648,0.0004376396
7.6237755,1924.864,3362.6777,10107.257,2.5826824,1.5218977,38.0,0.9258621,14.030899,58.895554,0.0635116,-0.005257791,-0.0007678261,-0.00038076635,-0.041312996,-0.033474166,0.105896525,0.00060527906
7.631068,1921.2882,3398.1824,10112.252,2.5854099,1.5339419,39.0,0.927615,14.059924,59.02402,0.061343458,-0.005286657,-0.0013029738,9.501644e-05,-0.04104985,-0.03349924,0.10275906,0.0007687933
7.638528,1917.2202,3431.9246,10117.334,2.5873559,1.5458801,40.0,0.9292675,14.087787,59.147247,0.05931639,-0.0053368947,-0.0018087262,0.0005859666,-0.040805828,-0.033541624,0.09976413,0.00092533906
7.646136,1912.7251,3463.9329,10122.5,2.5886095,1.5577049,41.0,0.9308254,14.114526,59.265366,0.05742202,-0.0054081515,-0.0022859517,0.0010886787,-0.040578764,-0.03360058,0.0969095,0.0010768577
7.653898,1907.863,3494.2405,10127.744,2.5892506,1.5694097,42.0,0.9321509,14.1397505,59.376774,0.05571991,-0.005164252,-0.0027183257,0.0013106341,-0.040440414,-0.033674613,0.09461385,0.0011361586
7.663933,1902.69,3522.8845,10133.062,2.5893512,1.5809889,43.0,0.9332862,14.164627,59.486652,0.054249123,-0.0045576943,-0.0031329351,0.0012135453,-0.040391974,-0.03373465,0.092888825,0.0011022188
7.676446,1897.2745,3549.9058,10138.449,2.588977,1.5924379,44.0,0.9344273,14.189905,59.598152,0.053034764,-0.004048457,-0.0035229842,0.0012093822,-0.04036035,-0.033794254,0.09120762,0.0010389229
7.6886644,1891.6777,3575.3489,10143.902,2.5881965,1.6037525,45.0,0.93550307,14.2140875,59.70474,0.051894926,-0.0035773423,-0.003886595,0.0012230963,-0.04033405,-0.033867948,0.0896183,0.0009868826
7.7008624,1885.9327,3599.2625,10149.417,2.587075,1.6149298,46.0,0.93652385,14.237392,59.80737,0.05084149,-0.0031479022,-0.004224004,0.0012596996,-0.040312495,-0.033953343,0.08811207,0.00094214466
7.7130156,1880.0724,3621.6963,10154.99,2.5856655,1.6259675,47.0,0.9374926,14.259855,59.906155,0.04986713,-0.0027581796,-0.004534417,0.0013175567,-0.040296074,-0.034050427,0.08668729,0.0009047047
7.7251186,1874.1271,3642.7,10160.618,2.5840135,1.636864,48.0,0.93841183,14.281516,60.001316,0.04896906,-0.002406543,-0.004819624,0.0013933559,-0.04028403,-0.034157794,0.08534008,0.0008761411
7.737176,1868.1248,3662.325,10166.296,2.5821586,1.6476178,49.0,0.9392859,14.302428,60.09302,0.048126146,-0.0020948756,-0.0050830897,0.0014782306,-0.040274065,-0.03426831,0.08405987,0.00085938413
7.749161,1862.091,3680.6226,10172.021,2.5801363,1.6582285,50.0,0.9401195,14.322685,60.181667,0.04727293,-0.0018395827,-0.0053351577,0.0015421775,-0.04024965,-0.03435488,0.082818136,0.0008603432
7.7610264,1856.0488,3697.644,10177.79,2.5779786,1.6686958,51.0,0.94091034,14.34222,60.267025,0.046481166,-0.0016133722,-0.005563142,0.0016198999,-0.04022984,-0.03445118,0.08164657,0.0008694421
7.7728357,1850.0189,3713.4407,10183.6,2.575714,1.6790198,52.0,0.941662,14.361091,60.349445,0.045751944,-0.0014173373,-0.0057682674,0.001709016,-0.04021286,-0.034556072,0.080543794,0.0008858688
7.784583,1844.0201,3728.0637,10189.446,2.5733693,1.6892009,53.0,0.942377,14.379361,60.429058,0.045079917,-0.0012500561,-0.005950165,0.0018091609,-0.040199883,-0.034669407,0.07950503,0.00090758264
7.796259,1838.0692,3741.5637,10195.328,2.5709677,1.6992397,54.0,0.9430571,14.397039,60.50601,0.044462495,-0.0011084564,-0.006110601,0.0019189636,-0.040190626,-0.034790143,0.078529015,0.0009361569
7.8078604,1832.1809,3753.9907,10201.241,2.5685303,1.7091373,55.0,0.9437043,14.414167,60.580456,0.043894622,-0.0009911018,-0.006250404,0.0020364253,-0.04018369,-0.034918196,0.07761302,0.0009708188
7.8193846,1826.3682,3765.3943,10207.184,2.5660768,1.7188948,56.0,0.9443205,14.430752,60.652477,0.043375015,-0.0008973151,-0.0063695153,0.0021608886,-0.040179446,-0.03505326,0.07675414,0.0010096822
7.830825,1820.6422,3775.8228,10213.152,2.563624,1.7285137,57.0,0.94490737,14.446851,60.72225,0.042899255,-0.00082428777,-0.00646918,0.0022907532,-0.04017838,-0.035193864,0.0759498,0.001054826
7.842176,1815.0126,3785.3237,10219.1455,2.5611868,1.7379955,58.0,0.94546646,14.462466,60.7899,0.042464912,-0.0007716484,-0.0065500075,0.0024261866,-0.04017962,-0.035340425,0.07519786,0.0011049237
7.8534346,1809.4873,3793.9434,10225.159,2.5587792,1.7473419,59.0,0.94587153,14.47736,60.854244,0.041866336,-0.00054124335,-0.006654122,0.002340621,-0.040278777,-0.035548963,0.07485791,0.0011185061
7.8669596,1804.0729,3801.7266,10231.192,2.5564127,1.7565548,60.0,0.9462008,14.492887,60.92131,0.041447893,-0.00025318906,-0.006715467,0.0021870201,-0.040453445,-0.03574543,0.07480587,0.0010692261
7.882081,1798.7802,3808.7178,10237.243,2.5540972,1.7656364,61.0,0.94654864,14.508984,60.990852,0.04117003,-1.1487049e-05,-0.0067326603,0.002090144,-0.040615797,-0.03592745,0.07475419,0.0010070028
7.8968663,1793.6156,3814.96,10243.31,2.5518434,1.7745886,62.0,0.9468796,14.524593,61.05819,0.040915098,0.0002074024,-0.006733509,0.0020018322,-0.04077211,-0.036111772,0.07472683,0.0009540103
7.9114094,1788.5797,3820.4946,10249.39,2.5496614,1.7834134,63.0,0.94719625,14.539785,61.12363,0.040687352,0.00040505023,-0.0067184707,0.0019227942,-0.04092405,-0.036299232,0.07472078,0.00090847514
7.9257064,1783.6727,3825.3623,10255.481,2.547557,1.7921134,64.0,0.9474989,14.554573,61.187317,0.040483598,0.0005817459,-0.0066893846,0.0018517891,-0.041071475,-0.03648834,0.074735224,0.0008736331
7.939761,1778.8943,3829.6013,10261.584,2.5455348,1.8006907,65.0,0.9477887,14.568988,61.24928,0.040301785,0.00073936384,-0.0066457866,0.0017890272,-0.0412148,-0.036680296,0.07476837,0.0008449733
7.9535704,1774.2438,3833.249,10267.695,2.5435977,1.8091476,66.0,0.948066,14.58303,61.309563,0.04014101,0.00087962137,-0.006589341,0.0017329927,-0.04135293,-0.036873333,0.07481895,0.00082309294
7.9671373,1769.72,3836.3406,10273.813,2.541747,1.8174865,67.0,0.9483315,14.59673,61.368313,0.0399988,0.0010030159,-0.006520557,0.0016835156,-0.04148771,-0.037068613,0.074886136,0.0008094086
7.980464,1765.321,3838.91,10279.9375,2.5399837,1.8257097,68.0,0.9485856,14.610084,61.42555,0.039873105,0.001109041,-0.0064409543,0.0016397169,-0.04161734,-0.03726464,0.07496857,0.0008007762
7.993555,1761.0449,3840.989,10286.065,2.5383081,1.8338195,69.0,0.94882923,14.623132,61.481346,0.039763436,0.0012015032,-0.0063492367,0.0016005405,-0.04174347,-0.037462194,0.07506575,0.0007993638
8.006406,1756.8894,3842.6091,10292.196,2.5367196,1.8418182,70.0,0.9490626,14.635867,61.53581,0.03966778,0.001280898,-0.006248936,0.0015664406,-0.04186517,-0.03766049,0.07517611,0.00080395694
8.019023,1752.8517,3843.7996,10298.329,2.5352175,1.8497081,71.0,0.94928616,14.648314,61.58892,0.039584555,0.0013465707,-0.006137158,0.0015366815,-0.041982837,-0.03785962,0.075299114,0.0008143364
8.031408,1748.9288,3844.5881,10304.463,2.5338004,1.8574913,72.0,0.9495006,14.660474,61.640804,0.039512448,0.0014001587,-0.0060187997,0.0015109653,-0.042097546,-0.03805932,0.07543357,0.0008291344
8.043562,1745.1177,3845.0015,10310.597,2.5324664,1.86517,73.0,0.94970614,14.672375,61.69146,0.03945109,0.0014440815,-0.005890645,0.0014872168,-0.042208906,-0.038259942,0.07557965,0.00084962824
8.055489,1741.415,3845.0645,10316.7295,2.5312138,1.8727465,74.0,0.94990325,14.684015,61.74097,0.0393983,0.0014763526,-0.0057554906,0.0014678779,-0.042316366,-0.038461145,0.07573507,0.00087523786
8.06719,1737.8173,3844.8013,10322.86,2.5300403,1.8802227,75.0,0.95009226,14.695384,61.789345,0.039354794,0.0014986028,-0.005613338,0.0014508177,-0.042420514,-0.03866221,0.07590045,0.00090476463
8.0786705,1734.3207,3844.2341,10328.989,2.528943,1.8876007,76.0,0.9502737,14.706542,61.836678,0.039318237,0.0015128821,-0.0054646004,0.0014358239,-0.04252061,-0.03886352,0.0760741,0.00093881006
8.0899315,1730.9216,3843.3845,10335.113,2.5279198,1.8948823,77.0,0.95044774,14.717455,61.882965,0.03928855,0.0015189333,-0.0053088786,0.0014233321,-0.04261798,-0.039064538,0.07625547,0.00097586797
8.100976,1727.6165,3842.2725,10341.233,2.526967,1.9020698,78.0,0.9506147,14.7281475,61.928284,0.03926467,0.0015171205,-0.0051493887,0.0014126386,-0.042712588,-0.039266367,0.076445185,0.001018444
8.111807,1724.4012,3840.9172,10347.349,2.5260823,1.9091648,79.0,0.9507749,14.738629,61.972626,0.039245553,0.0015063218,-0.0049839644,0.0014035138,-0.042804036,-0.039467186,0.07664158,0.0010633491
8.122429,1721.2723,3839.3364,10353.459,2.525262,1.9161693,80.0,0.9509287,14.748897,62.016052,0.039231487,0.0014907978,-0.004812767,0.0013962968,-0.04289255,-0.039668486,0.076843604,0.001111718
8.132844,1718.2258,3837.5469,10359.563,2.5245035,1.9230849,81.0,0.9510763,14.758978,62.058624,0.039221156,0.0014693832,-0.0046391794,0.0013904345,-0.042978898,-0.03986876,0.07705231,0.0011636082
8.143054,1715.2579,3835.5642,10365.661,2.5238032,1.9299133,82.0,0.951218,14.768865,62.100277,0.039214194,0.0014414703,-0.004460457,0.0013856697,-0.04306158,-0.040069275,0.07726625,0.0012173443
8.153065,1712.365,3833.4033,10371.752,2.523158,1.9366562,83.0,0.951354,14.778563,62.14114,0.03921018,0.0014081439,-0.0042791516,0.0013815591,-0.043142974,-0.04026924,0.07748565,0.0012743165
8.16288,1709.5433,3831.0784,10377.836,2.5225644,1.9433153,84.0,0.9514847,14.788076,62.181202,0.039208706,0.001370443,-0.004094418,0.001379276,-0.043220744,-0.040469266,0.07770924,0.0013339818
8.172499,1706.7894,3828.602,10383.912,2.5220191,1.949892,85.0,0.95160997,14.797429,62.220528,0.03921025,0.0013277368,-0.0039068726,0.0013773193,-0.04329689,-0.04066827,0.07793675,0.0013958954
8.181929,1704.0999,3825.9866,10389.9795,2.5215192,1.956388,86.0,0.9517303,14.8066,62.259033,0.039213277,0.001280755,-0.0037167761,0.0013765476,-0.043370612,-0.04086656,0.078169,0.0014608022
8.191171,1701.4711,3823.2432,10396.038,2.5210612,1.9628044,87.0,0.95184577,14.815603,62.296818,0.039218027,0.0012291032,-0.0035256976,0.0013765676,-0.043441378,-0.04106441,0.078404605,0.001526414
8.200231,1698.8998,3820.3826,10402.088,2.5206423,1.9691429,88.0,0.95195657,14.824465,62.333973,0.03922404,0.0011752322,-0.003330858,0.0013773293,-0.04351067,-0.041260827,0.07864339,0.0015953681
8.209112,1696.3829,3817.4146,10408.128,2.5202594,1.9754046,89.0,0.9520629,14.833151,62.37036,0.039231185,0.0011181349,-0.0031355256,0.0013787394,-0.043578614,-0.041458227,0.07888503,0.0016652828
8.217816,1693.9174,3814.3481,10414.159,2.5199091,1.9815909,90.0,0.95216495,14.841703,62.406082,0.039239302,0.0010566107,-0.0029383,0.0013805556,-0.043643586,-0.041654523,0.07912997,0.0017373965
8.226347,1691.5002,3811.1921,10420.181,2.519589,1.9877028,91.0,0.9522628,14.850089,62.441193,0.039249156,0.0009930803,-0.002739776,0.0013842178,-0.04370659,-0.04184952,0.07937615,0.0018102046
8.234708,1689.1287,3807.9543,10426.192,2.5192962,1.9937418,92.0,0.9523566,14.858349,62.475624,0.039258756,0.00092639634,-0.0025410973,0.0013873978,-0.043768685,-0.04204412,0.07962644,0.0018850416
8.242907,1686.8,3804.6418,10432.193,2.519028,1.9997089,93.0,0.9524468,14.8664665,62.509445,0.039296683,0.0008505916,-0.0023346343,0.0013998824,-0.043834012,-0.042240527,0.07988495,0.0019479964
8.250935,1684.5118,3801.2617,10438.185,2.5187817,2.0056052,94.0,0.9525337,14.874424,62.542564,0.03937465,0.00076368183,-0.0021174555,0.0014279658,-0.04390428,-0.042442977,0.08015321,0.001994669
8.258795,1682.2614,3797.8206,10444.165,2.5185552,2.0114317,95.0,0.95261675,14.882248,62.575066,0.039453074,0.00067353225,-0.0019005984,0.0014557178,-0.043973606,-0.042644728,0.08042494,0.0020411948
8.2665,1680.0465,3794.3237,10450.135,2.5183458,2.0171895,96.0,0.95269644,14.889959,62.60702,0.03953346,0.00058137544,-0.0016825949,0.0014842503,-0.044041842,-0.042844526,0.08069827,0.0020883786
8.274052,1677.865,3790.7766,10456.094,2.5181515,2.0228796,97.0,0.9527726,14.897521,62.638386,0.03961445,0.00048812653,-0.0014648223,0.0015144087,-0.044108126,-0.043044645,0.08097271,0.002136327
8.281458,1675.7147,3787.1846,10462.042,2.51797,2.028503,98.0,0.95284563,14.904978,62.66924,0.039697073,0.0003920825,-0.0012469445,0.0015446901,-0.044174224,-0.043243576,0.081249654,0.002184712
8.288715,1673.5936,3783.552,10467.9795,2.5177996,2.0340602,99.0,0.9529155,14.912302,62.699566,0.039780106,0.00029512832,-0.0010273154,0.0015765248,-0.04423848,-0.04344175,0.08152667,0.0022349495
8.295832,1671.5,3779.883,10473.905,2.517638,2.0395525,100.0,0.95298237,14.919516,62.72935,0.03986371,0.00019499368,-0.00080903573,0.0016088716,-0.0443008,-0.043638818,0.081805885,0.00228325
8.302807,1669.432,3776.1816,10479.82,2.5174837,2.0449805,101.0,0.95304614,14.92662,62.758667,0.03994912,9.384274e-05,-0.00059114536,0.0016425425,-0.04436255,-0.043835912,0.0820857,0.0023341582
8.309648,1667.3881,3772.4512,10485.724,2.5173347,2.0503452,102.0,0.9531071,14.933604,62.787437,0.040035583,-8.9526875e-06,-0.0003728629,0.001676528,-0.04442362,-0.04403171,0.082367495,0.0023845262
8.316357,1665.3668,3768.6953,10491.615,2.5171897,2.0556474,103.0,0.95316535,14.940484,62.81579,0.04012191,-0.00011328637,-0.00015600445,0.0017118917,-0.04448314,-0.044226147,0.08264904,0.0024350134
8.322933,1663.3666,3764.917,10497.496,2.5170474,2.0608876,104.0,0.9532209,14.9472475,62.843586,0.04020935,-0.00021846607,6.0939696e-05,0.0017479163,-0.044541102,-0.044420406,0.082931265,0.0024862248
8.329384,1661.386,3761.119,10503.365,2.5169063,2.0660667,105.0,0.95327383,14.953909,62.870987,0.040298145,-0.00032552422,0.0002767325,0.0017852222,-0.044599358,-0.04461387,0.08321501,0.0025381153
8.3357115,1659.4238,3757.3035,10509.223,2.5167646,2.0711854,106.0,0.9533243,14.960484,62.8979,0.0403878,-0.0004336872,0.0004919863,0.0018234777,-0.04465584,-0.04480602,0.08349974,0.0025892868
8.341915,1657.479,3753.4731,10515.069,2.5166216,2.0762444,107.0,0.95337224,14.966944,62.9244,0.040478233,-0.0005435107,0.0007067281,0.0018623157,-0.044711716,-0.044997826,0.08378389,0.0026413416
8.348002,1655.5503,3749.6301,10520.904,2.5164762,2.0812445,108.0,0.9534177,14.973304,62.950493,0.040569536,-0.0006543732,0.0009205893,0.001902584,-0.04476616,-0.045187555,0.08406958,0.0026927688
8.353977,1653.6366,3745.7761,10526.728,2.5163271,2.086186,109.0,0.95346105,14.979577,62.97612,0.04066164,-0.00076543697,0.0011347102,0.001943852,-0.04482009,-0.04537736,0.08435558,0.0027448349
8.359837,1651.7372,3741.913,10532.539,2.5161736,2.0910697,110.0,0.953502,14.985751,63.001347,0.040754847,-0.00087818794,0.0013470454,0.001986025,-0.044873085,-0.04556608,0.08464169,0.0027977694
8.365588,1649.8511,3738.0425,10538.339,2.5160146,2.0958965,111.0,0.95354086,14.9918375,63.026154,0.040849544,-0.0009927705,0.0015583611,0.002029384,-0.04492574,-0.045753054,0.08492835,0.002849917
8.37123,1647.9775,3734.166,10544.127,2.5158496,2.1006665,112.0,0.9535775,14.997832,63.050568,0.04094453,-0.0011076031,0.0017673441,0.002073467,-0.044976633,-0.045940395,0.085215636,0.0029023006
8.37677,1646.1158,3730.2847,10549.903,2.5156777,2.1053805,113.0,0.95361227,15.00374,63.07464,0.04104089,-0.0012231222,0.001977955,0.0021192725,-0.04502788,-0.046126578,0.0855023,0.0029548549
8.382204,1644.2651,3726.4,10555.669,2.5154982,2.110039,114.0,0.95364475,15.009552,63.098286,0.04113859,-0.001339864,0.002186155,0.002165681,-0.045078214,-0.046311785,0.08578987,0.0030073242
8.387545,1642.4248,3722.513,10561.423,2.5153105,2.1146424,115.0,0.9536756,15.015291,63.1216,0.041238144,-0.0014573243,0.002393582,0.002213292,-0.04512773,-0.046496034,0.086077474,0.0030607197
8.39278,1640.5944,3718.6248,10567.165,2.5151138,2.1191914,116.0,0.9537043,15.020939,63.144512,0.04133722,-0.0015758984,0.0025992459,0.0022616459,-0.04517572,-0.04667822,0.08636505,0.0031128232
8.397926,1638.7731,3714.736,10572.8955,2.514908,2.1236866,117.0,0.95373136,15.026503,63.167076,0.04143901,-0.0016956626,0.002803524,0.0023119436,-0.045223847,-0.046860952,0.08665322,0.0031649098
8.402977,1636.9606,3710.8481,10578.614,2.5146925,2.1281283,118.0,0.9537564,15.032001,63.189304,0.041541412,-0.0018165556,0.0030076406,0.0023622762,-0.045270775,-0.04704238,0.08694151,0.0032176992
8.407942,1635.1564,3706.9612,10584.321,2.514467,2.1325173,119.0,0.9537802,15.037416,63.21118,0.041650306,-0.0019366709,0.0032086126,0.0024173209,-0.04531916,-0.047221888,0.08722971,0.003270427
8.412809,1633.36,3703.0762,10590.017,2.5142307,2.136854,120.0,0.9538039,15.042781,63.232746,0.041789897,-0.0020548506,0.0033967602,0.0024886748,-0.045373313,-0.04740023,0.08752011,0.0033261694
8.417553,1631.571,3699.1936,10595.7,2.5139837,2.1411386,121.0,0.95382535,15.048056,63.25386,0.041927624,-0.0021731853,0.0035832517,0.0025602132,-0.04542669,-0.04757749,0.087811045,0.0033827275
8.4222145,1629.7893,3695.3137,10601.372,2.5137255,2.1453717,122.0,0.95384514,15.053246,63.27466,0.042067822,-0.0022930962,0.003770796,0.0026336485,-0.045479026,-0.047752824,0.08810162,0.0034377507
8.426795,1628.0143,3691.4375,10607.032,2.5134559,2.149554,123.0,0.95386344,15.058374,63.295143,0.042208888,-0.002413868,0.0039551537,0.0027073738,-0.04553089,-0.047928166,0.08839281,0.0034945942
8.431294,1626.2458,3687.5652,10612.681,2.5131748,2.1536856,124.0,0.95388013,15.06343,63.31531,0.042351034,-0.0025351176,0.004139671,0.0027825828,-0.045582972,-0.048102345,0.08868281,0.0035503372
8.4357195,1624.4835,3683.6975,10618.317,2.5128818,2.1577673,125.0,0.95389533,15.068409,63.335213,0.042494163,-0.0026575802,0.0043222927,0.0028582215,-0.04563375,-0.04827503,0.08897355,0.003605429
8.440068,1622.727,3679.8345,10623.943,2.5125768,2.1617992,126.0,0.9539092,15.073332,63.35479,0.0426392,-0.0027792186,0.004503373,0.0029353527,-0.045683544,-0.04844774,0.0892645,0.0036617855
8.444342,1620.9764,3675.9766,10629.558,2.51226,2.1657817,127.0,0.9539215,15.078177,63.37407,0.04278529,-0.0029024857,0.004684072,0.0030139103,-0.045732953,-0.048619125,0.089553945,0.003717078
8.4485445,1619.2313,3672.124,10635.16,2.5119305,2.1697156,128.0,0.9539324,15.08296,63.39306,0.042933084,-0.0030272666,0.00486324,0.0030936557,-0.045783255,-0.04878928,0.08984472,0.0037728343
